{
  "name": "andrew-library",
  "version": "0.14.11",
  "title": "Andrew's Library",
  "author": "Andrew",
  "email": "andrewmods9@gmail.com",
  "contact": "http://games-mods.weebly.com/questions-and-comments.html",
  "homepage": "http://games-mods.weebly.com",
  "description": "Adds new items to the game. They are used by many of my mods, and can easily be used by other mods too.",
  "factorio_version":"0.14",
  "dependencies":
    [
	  "base >= 0.14.0",
	  "? Factorissimo >= 0.2.0",
	  "? FARL >= 0.6.0",
	  "? RailTanker >= 1.4.0",
	  "? YARM >= 0.7.106"
	]
}