{
  "name": "original-music-hd",
  "version": "1.0.2",
  "title": "Original Music, in HD",
  "author": "ruhroh & db48x",
  "contact": "db48x+original-music-hd@db48x.net",
  "homepage": "http://db48x.net/factorio/original-music-hd",
  "description": "For all it's faults, the music from earlier versions of Factorio was actually quite good. ruhroh took it upon himself to recreate that music at a much higher level of quality; this mod adds it back to the rotation.",
  "factorio_version": "0.14",
  "dependencies": ["base >= 0.12.0"]
}
