{
  "item":
  [
    ["pink-loader", "ultra-loader"],
    ["orange-loader", "super-loader"],
    ["blue-loader", "hyper-loader"],
	
    ["pink-transport-belt", "ultra-transport-belt"],
    ["orange-transport-belt", "super-transport-belt"],
    ["blue-transport-belt", "hyper-transport-belt"],
	
    ["pink-underground-belt", "ultra-underground-belt"],
    ["orange-underground-belt", "super-underground-belt"],
    ["blue-underground-belt", "hyper-underground-belt"],
	
    ["pink-splitter", "ultra-splitter"],
    ["orange-splitter", "super-splitter"],
    ["blue-splitter", "hyper-splitter"]
   
  ],
  "entity":
  [
    ["pink-loader", "ultra-loader"],
    ["orange-loader", "super-loader"],
    ["blue-loader", "hyper-loader"],
	
    ["pink-transport-belt", "ultra-transport-belt"],
    ["orange-transport-belt", "super-transport-belt"],
    ["blue-transport-belt", "hyper-transport-belt"],
	
    ["pink-underground-belt", "ultra-underground-belt"],
    ["orange-underground-belt", "super-underground-belt"],
    ["blue-underground-belt", "hyper-underground-belt"],
	
    ["pink-splitter", "ultra-splitter"],
    ["orange-splitter", "super-splitter"],
    ["blue-splitter", "hyper-splitter"]
  ],
  "equipment":
  [
   
  ],
  "recipe":
  [
    ["pink-loader", "ultra-loader"],
    ["orange-loader", "super-loader"],
    ["blue-loader", "hyper-loader"],
	
    ["pink-transport-belt", "ultra-transport-belt"],
    ["orange-transport-belt", "super-transport-belt"],
    ["blue-transport-belt", "hyper-transport-belt"],
	
    ["pink-underground-belt", "ultra-underground-belt"],
    ["orange-underground-belt", "super-underground-belt"],
    ["blue-underground-belt", "hyper-underground-belt"],
	
    ["pink-splitter", "ultra-splitter"],
    ["orange-splitter", "super-splitter"],
    ["blue-splitter", "hyper-splitter"]
   
  ],
  "technology":
  [
   
  ]
}
