{
  "name": "andrew-logistics",
  "version": "0.14.6",
  "title": "Andrew's Logistics",
  "author": "Andrew",
  "email": "andrewmods9@gmail.com",
  "contact": "http://games-mods.weebly.com/questions-and-comments.html",
  "homepage": "http://games-mods.weebly.com",
  "description": "Adds construction robot, logistic robot and 4 types of pipes to the game. requires Andrew's Library to work.",
  "factorio_version":"0.14",
  "dependencies":
    [
	  "base >= 0.14.0",
	  "andrew-library >= 0.14.12",
	  "? andrew-ore >= 0.14.3"
	]
}