{
  "name": "andrew-plants",
  "version": "0.14.7",
  "title": "Andrew's plants",
  "author": "Andrew",
  "email": "andrewmods9@gmail.com",
  "contact": "http://games-mods.weebly.com/questions-and-comments.html",
  "homepage": "http://games-mods.weebly.com",
  "description": "Adds more plants and  Adds Chemicals, and make  useful intermediate products.",
  "factorio_version":"0.14",
  "dependencies": 
    [
	  "base >= 0.14.0", 
	  "andrew-library >= 0.14.16",
	  "? andrew-modules >= 0.14.3",
	  "? andrew-ore >= 0.14.7"
	]
}



