{
  "name": "ForemanImporter",
  "version": "0.14.1",
  "factorio_version": "0.14",
  "dependencies": ["base >= 0.14", "Foreman >= 1.0.2"],
  "title": "Foreman - Auto Importer",
  "author": "Peppe",
  "contact": "",
  "homepage": "https://www.reddit.com/r/factorio/comments/57tcxp/foreman_auto_importer/",
  "description": "Utility mod for Foreman to import your custom books/blueprints on new game start.  Replace export.lua in this mod with one generated by Foreman's 'E' button -- export all blueprints and books into single file."
}