{
  "name": "CMHModBobEndGame",
  "version": "0.14.0",
  "factorio_version": "0.14",
  "title": "CMHMod Bob's End Game",
  "author": "CMH",
  "contact": "",
  "homepage": "",
  "description": "Making use of the highest tiers of Bob's mods right to the end game.",
  "dependencies": ["base >= 0.14.0", "bobplates >= 0.14.0", "bobelectronics >= 0.14.0", "bobpower >= 0.14.0", "bobores >= 0.14.0", "boblibrary >= 0.14.0", "? bobmodules >= 0.14.0",  "? bobtech >= 0.14.0", "? bobwarfare >= 0.14.0", "? bobconfig >= 0.14.0"]

}