{
  "name": "Arumba_Accelerated_Start",
  "version": "0.14.7",
  "title": "Arumba's Accelerated Start",
  "author": "Arumba",
  "contact": "",
  "homepage": "",
  "factorio_version": "0.14",
  "dependencies": ["base >= 0.14"],
  "description": "A combination of accelerated start options including bots.  Goal is to skip past burner miners and jump straight into laying out a main bus.  Robots included to aid in big construction and forest clearing.  Quickbar filters preset to my prefered layout.  Put stuff in a box and shoot it if you don't want it."
}