{
	"name": "BlackMarket",
	"version": "1.0.29",
	"title": "Black Market (sell and buy on the market)",
	"author": "BinbinHfr",
	"description": "Sell and buy items/fluids/energy on the universal black market using trading chests/tanks/accumulators, choosing the frequency of exchanges and related fees. You can now sell your overproduction and buy things that you don't want to craft by yourself. You can also use these trading units as a paying shipment system.",
	"homepage": "https://forums.factorio.com/viewtopic.php?f=92&t=30889",
	"contact": "https://forums.factorio.com/memberlist.php?mode=viewprofile&u=14267",
	"factorio_version":"0.14",
	"dependencies": ["base >= 0.14.0", "? FreeTools"]
}
