{
  "name": "boblocale",
  "version": "0.14.5",
  "factorio_version": "0.14",
  "title": "Bob's Locale Translations",
  "author": "Bobingabout, Talon, Alexandehorst, Karosieben, Killwort, ChristianBeer, xganzx, sore68, scarsick, Sturmfalke,  somaplus, mrtska, bethouxa, Azertooth, chico, Lorex",
  "contact": "karosieben.playsgames@gmail.com",
  "homepage": "http://www.factorioforums.com/forum/viewforum.php?f=51",
  "description": "Adds translations for Bob's mods from the Community.",
  "dependencies": ["base >= 0.14.0"]
}
