{
	"name": "aai-vehicles-miner",
	"version": "0.1.2",
	"title": "AAI Vehicles: Miner",
	"author": "Earendel",
	"dependencies": ["base >= 0.14.0"],
	"description": "An excavation and mining vehicle that can quickly mine solid resources such as coal, stone, ores, and quickly harvests any trees in it's path (and can consume the wood to fuel itself). The Miner was designed for use with AAI Programmable Vehicles mod and can act autonomously if programmed correctly.",
	"factorio_version": "0.14"
}