{
  "name": "angelspetrochem",
  "version": "0.2.1",
  "factorio_version": "0.14",
  "title": "Angel's Petro Chemical Processing",
  "author": "Arch666Angel",
  "contact": "",
  "homepage": "https://forums.factorio.com/viewforum.php?f=185",
  "description": "PetroChems changes and adds Oil and Gas processing to a bobmods game, as well as a more complex web of chemical producation. Includes overrides and tie ins to bobs technologies and recipes. Depedencies: Full Bobs, Angels Refining and InfiniteOres",
  "dependencies": [
	"base >= 0.14.0", 
	"bobplates >= 0.14.0",
	"bobelectronics >= 0.14.0", 
	"? bobgreenhouse >= 0.14.0", 
	"? Bio_Industries >= 1.4.5", 
	"? marathon >= 1.1.5", 
	"? angelstrigger-petrochem-showconverterrecipe >= 0.1.1",
	"? angelstrigger-petrochem-disableacidoverride >= 0.1.1"
	]
}