{
  "name": "andrew-modules",
  "version": "0.14.4",
  "title": "Andrew's Modules",
  "author": "Andrew",
  "email": "andrewmods9@gmail.com",
  "contact": "http://games-mods.weebly.com/questions-and-comments.html",
  "homepage": "http://games-mods.weebly.com",
  "description": "Add 2 new types of Modules and more Modules from base game. requires Andrew's Library to work",
  "factorio_version":"0.14",
  "dependencies":
    [
	  "base >= 0.14.0",
	  "andrew-library >= 0.14.16",
	  "? andrew-ore >= 0.14.7"
	]
}